Team,unique_id,Arena,Capacity,City,State,Latitude,Longitude,Logos
Abilene Christian,1,Moody Coliseum,4600,Abilene,TX,32.470783,-99.709147,Logos/Abilene Christian.gif
Air Force,2,Clune Arena,5858,Colorado Springs,CO,39.013952,-104.883787,Logos/Air Force.gif
Akron,3,James A. Rhodes Arena,5500,Akron,OH,41.075816,-81.50601,Logos/Akron.gif
Alabama,4,Coleman Coliseum,15383,Tuscaloosa,AL,33.203609,-87.53953,Logos/Alabama.gif
Alabama A&M,5,Elmore Gymnasium,6000,Normal,AL,34.785559,-86.575436,Logos/Alabama A&M.gif
Alabama St.,6,Dunn-Oliver Acadome,7400,Montgomery,AL,32.361867,-86.29318,Logos/Alabama St..gif
Albany,7,SEFCU Arena,4538,Guilderland,NY,42.68222,-73.828309,Logos/Albany.gif
Alcorn St.,8,Davey Whitney Complex,7000,Lorman,MS,31.873585,-91.133198,Logos/Alcorn St..gif
American,9,Bender Arena,4500,Washington,DC,38.938637,-77.088249,Logos/American.gif
Appalachian St.,10,George M. Holmes Convocation Center,8325,Boone,NC,36.211562,-81.674992,Logos/Appalachian St..gif
Arizona,11,McKale Center,14545,Tucson,AZ,32.230408,-110.948059,Logos/Arizona.gif
Arizona St.,12,Desert Financial Arena,14100,Tempe,AZ,33.425283,-111.92864,Logos/Arizona St..gif
Arkansas,13,Bud Walton Arena,19368,Fayetteville,AR,36.062464,-94.177369,Logos/Arkansas.gif
Arkansas Little Rock,14,Jack Stephens Center,5600,Little Rock,AR,34.729086,-92.338826,Logos/Arkansas Little Rock.gif
Arkansas Pine Bluff,15,K. L. Johnson Complex,4500,Pine Bluff,AR,34.246573,-92.021619,Logos/Arkansas Pine Bluff.gif
Arkansas St.,16,First National Bank Arena,10563,Jonesboro,AR,35.845998,-90.672396,Logos/Arkansas St..gif
Army,17,Christl Arena,5043,West Point,NY,41.38697,-73.964486,Logos/Army.gif
Auburn,18,Auburn Arena,9121,Auburn,AL,32.603843,-85.490053,Logos/Auburn.gif
Austin Peay,19,Dunn Center,9000,Clarksville,TN,36.019608,-77.7769,Logos/Austin Peay.gif
Ball St.,20,John E. Worthen Arena,11500,Muncie,IN,40.207722,-85.403697,Logos/Ball St..gif
Baylor,21,Ferrell Center,10347,Waco,TX,31.548617,-97.104296,Logos/Baylor.gif
Belmont,22,Curb Event Center,5085,Nashville,TN,36.133194,-86.795917,Logos/Belmont.gif
Bethune Cookman,23,Moore Gymnasium,3000,Daytona,FL,29.213052,-81.028984,Logos/Bethune Cookman.gif
Binghamton,24,Binghamton University Events Center,5142,Vestal,NY,42.094525,-75.968009,Logos/Binghamton.gif
Boise St.,26,Taco Bell Arena,12480,Boise,ID,43.604233,-116.19744,Logos/Boise St..gif
Boston College,27,Conte Forum,8606,Chestnut Hill,MA,42.336366,-71.167577,Logos/Boston College.gif
Boston University,28,Case Gym,1800,Boston,MA,42.354857,-71.120316,Logos/Boston University.gif
Bowling Green,29,Stroh Center,4700,Bowling Green,OH,41.376457,-83.62608,Logos/Bowling Green.gif
Bradley,30,Peoria Civic Center,11164,Peoria,IL,40.692704,-89.592518,Logos/Bradley.gif
Brown,31,Pizzitola Sports Center,2800,Providence,RI,41.832465,-71.397788,Logos/Brown.gif
Bryant,32,Chace Athletic Center,2700,Smithfield,RI,41.921824,-71.539372,Logos/Bryant.gif
Bucknell,33,Sojka Pavilion,4000,Lewisburg,PA,40.957546,-76.886282,Logos/Bucknell.gif
Buffalo,34,Alumni Arena,6100,Amherst,NY,43.000738,-78.780524,Logos/Buffalo.gif
Butler,35,Hinkle Fieldhouse,9100,Indianapolis,IN,39.844117,-86.165848,Logos/Butler.gif
BYU,36,Marriott Center,19000,Provo,UT,40.254785,-111.649342,Logos/BYU.gif
Cal Baptist,37,CBU Events Center,5050,Riverside,CA,33.928009,-117.420123,Logos/Cal Baptist.gif
Cal Poly,38,Robert A. Mott Athletics Center,3032,San Luis Obispo,CA,35.29985,-35.29985,Logos/Cal Poly.gif
Cal St. Bakersfield,39,Icardo Center,3800,Bakersfield,CA,35.350236,-119.100145,Logos/Cal St. Bakersfield.gif
Cal St. Fullerton,40,Titan Gym,4000,Fullerton,CA,33.883805,-117.884042,Logos/Cal St. Fullerton.gif
Cal St. Northridge,41,Matadome,2400,Northridge,CA,34.242659,-118.524703,Logos/Cal St. Northridge.gif
California,42,Haas Pavilion,11877,Berkeley,CA,37.870319,-122.261579,Logos/California.gif
Campbell,43,"John W. Pope, Jr. Convocation Center",3095,Buies Creek,NC,35.408718,-78.735498,Logos/Campbell.gif
Canisius,44,Koessler Athletic Center,2176,Buffalo,NY,42.921635,-78.857789,Logos/Canisius.gif
Central Arkansas,46,Farris Center,6000,Conway,AR,35.082461,-92.458811,Logos/Central Arkansas.gif
Central Connecticut,47,William H. Detrick Gymnasium,2654,New Britain,CT,41.69328,-72.765506,Logos/Central Connecticut.gif
Central Michigan,48,McGuirk Arena,5300,Mount Pleasant,MI,43.582022,-84.772643,Logos/Central Michigan.gif
Charleston Southern,50,CSU Field House,881,North Charleston,SC,40.575923,-105.074921,Logos/Charleston Southern.gif
Charlotte,51,Dale F. Halton Arena,9105,Charlotte,NC,35.307068,-80.732436,Logos/Charlotte.gif
Chattanooga,52,McKenzie Arena,10928,Chattanooga,TN,35.050889,-85.2992,Logos/Chattanooga.gif
Chicago St.,53,Emil and Patricia Jones Convocation Center,7000,Chicago,IL,41.717547,-87.605296,Logos/Chicago St..gif
Centenary,45,Gold Dome,3000,Shreeport,LA,32.481044,-93.729752,Logos/Centenary.gif
Cincinnati,54,Fifth Third Arena,12012,Cincinnati,OH,39.131729,-84.510974,Logos/Cincinnati.gif
Clemson,55,Littlejohn Coliseum,9000,Clemson,SC,34.68126,-82.845223,Logos/Clemson.gif
Cleveland St.,56,Wolstein Center,13610,Cleveland,OH,41.500348,-81.674868,Logos/Cleveland St..gif
Coastal Carolina,57,HTC Center,3600,Conway,SC,33.799786,-79.015021,Logos/Coastal Carolina.gif
Colgate,58,Cotterell Court,1750,Hamilton,NY,42.816084,-75.54118,Logos/Colgate.gif
College of Charleston,59,TD Arena,5100,Charleston,SC,32.786593,-79.93214,Logos/College of Charleston.gif
Colorado,60,CU Events Center,11064,Boulder,CO,40.005291,-105.257882,Logos/Colorado.gif
Colorado St.,61,Moby Arena,8745,Fort Collins,CO,40.576401,-105.092538,Logos/Colorado St..gif
Columbia,62,Levien Gymnasium,3408,New York,NY,40.811314,-73.95968,Logos/Columbia.gif
Connecticut,63,XL Center,15600,Hartford,CT,41.769185,-41.769185,Logos/Connecticut.gif
Coppin St.,64,Physical Education Complex,4100,Baltimore,MD,39.316044,-76.654904,Logos/Coppin St..gif
Cornell,65,Newman Arena,4473,Ithaca,NY,42.446252,-76.474097,Logos/Cornell.gif
Creighton,66,CHI Health Center Omaha,18320,Omaha,NE,41.264789,-95.927609,Logos/Creighton.gif
Dartmouth,67,Leede Arena,2100,Hanover,NH,43.703868,-72.281543,Logos/Dartmouth.gif
Davidson,68,John M. Belk Arena,5223,Davidson,NC,35.499986,-80.838769,Logos/Davidson.gif
Dayton,69,University of Dayton Arena,13435,Dayton,OH,39.736337,-84.199029,Logos/Dayton.gif
Delaware,70,Bob Carpenter Center,5000,Newark,DE,39.661216,-75.747832,Logos/Delaware.gif
Delaware St.,71,Memorial Hall,3000,Dover,DE,39.188153,-75.540878,Logos/Delaware St..gif
Denver,72,Magness Arena,7200,Denver,CO,39.682703,-104.959613,Logos/Denver.gif
DePaul,73,Wintrust Arena,10387,Chicago,IL,41.85471,-87.619884,Logos/DePaul.gif
Detroit,74,Calihan Hall,8295,Detroit,MI,42.414938,-83.133529,Logos/Detroit.gif
Drake,75,Knapp Center,7152,Des Moines,IA,41.605554,-93.649739,Logos/Drake.gif
Drexel,76,Daskalakis Athletic Center,2509,Philadelphia,PA,39.956919,-75.19056,Logos/Drexel.gif
Duke,77,Cameron Indoor Stadium,9314,Durham,NC,35.998027,-78.93933,Logos/Duke.gif
Duquesne,78,Palumbo Center,4406,Pittsburgh,PA,40.43794,-79.987309,Logos/Duquesne.gif
East Carolina,79,Williams Arena at Minges Coliseum,8000,Greenville,NC,35.598358,-77.364934,Logos/East Carolina.gif
East Tennessee St.,80,Freedom Hall Civic Center,6149,Johnson City,TN,36.324992,-82.372853,Logos/East Tennessee St..gif
Eastern Illinois,81,Lantz Arena,5300,Charleston,IL,39.480964,-88.178548,Logos/Eastern Illinois.gif
Eastern Kentucky,82,Alumni Coliseum,6500,Richmond,KY,37.737894,-84.298569,Logos/Eastern Kentucky.gif
Eastern Michigan,83,Convocation Center,8824,Ypsilanti,MI,42.254864,-83.644958,Logos/Eastern Michigan.gif
Eastern Washington,84,Reese Court,6000,Cheney,WA,47.491981,-117.587976,Logos/Eastern Washington.gif
Elon,85,Schar Center,5100,Elon,NC,36.108727,-79.50819,Logos/Elon.gif
Evansville,86,Ford Center,10000,Evansville,IN,37.972333,-87.564575,Logos/Evansville.gif
Fairfield,87,Webster Bank Arena,9000,Bridgeport,CT,41.174341,-73.185114,Logos/Fairfield.gif
Fairleigh Dickinson,88,Rothman Center,5000,Hackensack,NJ,40.897404,-74.030501,Logos/Fairleigh Dickinson.gif
FIU,89,O'Connell Center,12000,Gainesville,FL,29.650658,-82.349095,Logos/FIU.gif
Florida,90,Teaching Gym,9639,Tallahassee,FL,30.424731,-84.287243,Logos/Florida.gif
Florida A&M,91,FAU Arena,5000,Boca Raton,FL,26.373147,-80.108378,Logos/Florida A&M.gif
Florida Atlantic,92,Alico Arena,4500,Fort Myers,FL,26.472061,-81.762434,Logos/Florida Atlantic.gif
Florida Gulf Coast,93,Ocean Bank Convocation Center,5000,Miami,FL,25.757583,-80.377395,Logos/Florida Gulf Coast.gif
Florida St.,94,Donald L. Tucker Civic Center,12100,Tallahassee,FL,30.43867,-84.284984,Logos/Florida St..gif
Fordham,95,Rose Hill Gymnasium,3200,Bronx,NY,40.862957,-73.881534,Logos/Fordham.gif
Fort Wayne,96,Hillard Gates Sports Center,2300,Fort Wayne,IN,41.120215,-85.105503,Logos/Fort Wayne.gif
Fresno St.,97,Save Mart Center,15544,Fresno,CA,36.810591,-119.737175,Logos/Fresno St..gif
Furman,98,Timmons Arena,4000,Greenville,SC,34.918603,-82.433899,Logos/Furman.gif
Gardner Webb,99,Paul Porter Arena,5000,Boiling Springs,NC,35.247139,-81.666081,Logos/Gardner Webb.gif
George Mason,100,EagleBank Arena,10000,Fairfax,VA,38.827609,-77.308288,Logos/George Mason.gif
George Washington,101,Charles E. Smith Center,5000,Washington,DC,38.899111,-77.04677,Logos/George Washington.gif
Georgetown,102,Capital One Arena,20308,Washington,DC,38.898862,-77.021144,Logos/Georgetown.gif
Georgia,103,Stegeman Coliseum,10523,Athens,GA,33.943335,-83.376518,Logos/Georgia.gif
Georgia Southern,104,Hanner Fieldhouse,4325,Statesboro,GA,32.428513,-81.775266,Logos/Georgia Southern.gif
Georgia St.,105,GSU Sports Arena,3854,Atlanta,GA,33.75265,-84.383701,Logos/Georgia St..gif
Georgia Tech,106,Hank McCamish Pavilion,8600,Atlanta,GA,33.781424,-84.390937,Logos/Georgia Tech.gif
Gonzaga,107,McCarthey Athletic Center,6000,Spokane,WA,47.666202,-117.398196,Logos/Gonzaga.gif
Grambling St.,108,Fredrick C. Hobdy Assembly Center,7500,Grambling,LA,32.521295,-92.721067,Logos/Grambling St..gif
Grand Canyon,109,GCU Arena,7500,Phoenix,AZ,33.510453,-112.127324,Logos/Grand Canyon.gif
Green Bay,110,Resch Center,9729,Ashwaubenon,WI,44.500231,-88.05277,Logos/Green Bay.gif
Hampton,111,Hampton Convocation Center,7200,Hampton,VA,37.020756,-76.328511,Logos/Hampton.gif
Hartford,112,Chase Arena,4017,Hartford,CT,41.802383,-72.715672,Logos/Hartford.gif
Harvard,113,Lavietes Pavilion,2195,Allston,MA,42.369098,-71.124237,Logos/Harvard.gif
Hawaii,114,Stan Sheriff Center,10300,Honolulu,HI,21.295348,-157.817117,Logos/Hawaii.gif
High Point,115,Millis Athletic Convocation Center,1750,High Point,NC,35.973966,-79.992422,Logos/High Point.gif
Hofstra,116,Hofstra Arena,5124,Hempstead,NY,40.720662,-73.593415,Logos/Hofstra.gif
Holy Cross,117,Hart Center,3600,Worcester,MA,42.235496,-71.805289,Logos/Holy Cross.gif
Houston,118,Fertitta Center,7100,Houston,TX,29.725477,-95.345248,Logos/Houston.gif
Houston Baptist,119,Sharp Gymnasium,1000,Houston,TX,29.69601,-95.514713,Logos/Houston Baptist.gif
Howard,120,Burr Gymnasium,2700,Washington,DC,38.92698,-77.020377,Logos/Howard.gif
Idaho,121,Cowan Spectrum,7000,Moscow,ID,46.726977,-117.015076,Logos/Idaho.gif
Idaho St.,122,Holt Arena,8000,Pocatello,ID,42.870503,-112.427324,Logos/Idaho St..gif
Illinois,123,State Farm Center,15544,Champaign,IL,40.096692,-88.234311,Logos/Illinois.gif
Illinois Chicago,124,Credit Union 1 Arena,6115,Chicago,IL,41.875756,-87.65428,Logos/Illinois Chicago.gif
Illinois St.,125,Redbird Arena,10200,Normal,IL,40.511473,-88.996783,Logos/Illinois St..gif
Incarnate Word,126,McDermott Center,2000,San Antonio,TX,29.468802,-98.468492,Logos/Incarnate Word.gif
Indiana,127,Simon Skjodt Assembly Hall,17472,Bloomington,IN,39.181423,-86.521167,Logos/Indiana.gif
Indiana St.,128,Hulman Center,10200,Terre Haute,IN,39.46891,-87.402677,Logos/Indiana St..gif
Iona,129,Hynes Athletic Center,2611,New Rochelle,NY,40.927886,-73.783454,Logos/Iona.gif
Iowa,130,Carver-Hawkeye Arena,15500,Iowa City,IA,41.664259,-91.552373,Logos/Iowa.gif
Iowa St.,131,Hilton Coliseum,14376,Ames,IA,42.021843,-93.632598,Logos/Iowa St..gif
IPFW,132,Hillard Gates Sports Center,2300,Fort Wayne,IN,41.120442,-85.105546,Logos/IPFW.gif
IUPUI,133,Indiana Farmers Coliseum,6841,Indianapolis,IN,39.827872,-86.132664,Logos/IUPUI.gif
Jackson St.,134,Williams Assembly Center,8000,Jackson,MS,32.300731,-90.209499,Logos/Jackson St..gif
Jacksonville,135,Swisher Gymnasium,1500,Jacksonville,FL,30.350938,-81.60243,Logos/Jacksonville.gif
Jacksonville St.,136,Pete Mathews Coliseum,5300,Jacksonville,AL,33.825157,-85.771883,Logos/Jacksonville St..gif
James Madison,137,James Madison University Convocation Center,7156,Harrisonburg,VA,38.43259,-78.867344,Logos/James Madison.gif
Kansas,138,Allen Fieldhouse,16300,Lawrence,KS,38.955101,-95.248315,Logos/Kansas.gif
Kansas St.,139,Bramlage Coliseum,12528,Manhattan,KS,39.201224,-96.5916,Logos/Kansas St..gif
Kennesaw St.,140,KSU Convocation Center,4792,Kennesaw,GA,34.037819,-84.577837,Logos/Kennesaw St..gif
Kent St.,141,Memorial Athletic and Convocation Center,6327,Kent,OH,41.148631,-81.342578,Logos/Kent St..gif
Kentucky,142,Rupp Arena,20545,Lexington,KY,38.04959,-84.50046,Logos/Kentucky.gif
La Salle,143,Tom Gola Arena,3400,Philadelphia,PA,40.04063,-75.153131,Logos/La Salle.gif
Lafayette,144,Kirby Sports Center,3500,Easton,PA,40.702714,-75.208116,Logos/Lafayette.gif
Lamar,145,Montagne Center,10746,Beaumont,TX,30.04491,-94.069298,Logos/Lamar.gif
Lehigh,146,Stabler Arena,6000,Bethlehem,PA,40.586041,-75.35516,Logos/Lehigh.gif
Liberty,147,Vines Center,9547,Lynchburg,VA,37.349632,-79.179004,Logos/Liberty.gif
Lipscomb,148,Allen Arena,5028,Nashville,TN,36.104598,-86.794969,Logos/Lipscomb.gif
Little Rock,149,Jack Stephens Center,5600,Little Rock,AR,34.729121,-92.337882,Logos/Little Rock.gif
LIU Brooklyn,150,Steinberg Wellness Center,2500,Brooklyn,NY,40.691069,-73.977031,Logos/LIU Brooklyn.gif
Long Beach St.,151,Walter Pyramid,5000,Long Beach,CA,33.788575,-118.111686,Logos/Long Beach St..gif
Longwood,152,Willett Hall,1807,Farmville,VA,37.298567,-78.392879,Logos/Longwood.gif
Louisiana,153,Cajundome,13500,Lafayette,LA,30.21908,-92.036901,Logos/Louisiana.gif
Louisiana Lafayette,154,Cajundome,13501,Lafayette,LA,30.21908,-92.036901,Logos/Louisiana Lafayette.gif
Louisiana Monroe,155,Thomas Assembly Center,8098,Ruston,LA,32.533366,-92.658025,Logos/Louisiana Monroe.gif
Louisiana Tech,156,Fant-Ewing Coliseum,7085,Monroe,LA,32.53231,-92.066191,Logos/Louisiana Tech.gif
Louisville,157,KFC Yum! Center,22090,Louisville,KY,38.258614,-85.751555,Logos/Louisville.gif
Loyola Chicago,158,Joseph J. Gentile Arena,4486,Chicago,IL,42.001208,-87.658178,Logos/Loyola Chicago.gif
Loyola Marymount,159,Gersten Pavilion,4156,Los Angeles,CA,33.968554,-118.414614,Logos/Loyola Marymount.gif
Loyola MD,160,Reitz Arena,3000,Baltimore,MD,39.347463,-76.617349,Logos/Loyola MD.gif
LSU,161,Pete Maravich Assembly Center,13215,Baton Rouge,LA,30.414979,-91.183382,Logos/LSU.gif
Maine,162,Cross Insurance Center,5800,Bangor,ME,44.789732,-68.77609,Logos/Maine.gif
Manhattan,163,Draddy Gymnasium,2345,Bronx,NY,40.891234,-73.898404,Logos/Manhattan.gif
Marist,164,McCann Arena,3200,Poughkeepsie,NY,41.718096,-73.933103,Logos/Marist.gif
Marquette,165,Fiserv Forum,17500,Milwaukee,WI,43.045676,-87.916485,Logos/Marquette.gif
Marshall,166,Cam Henderson Center,9048,Huntington,WV,38.425431,-82.424607,Logos/Marshall.gif
Maryland,167,Xfinity Center,17950,College Park,MD,38.9955,-76.9412,Logos/Maryland.gif
Maryland Eastern Shore,168,Hytche Athletic Center,5500,Princess Anne,MD,38.211944,-75.685114,Logos/Maryland Eastern Shore.gif
Massachusetts,169,William D. Mullins Memorial Center,9493,Amherst,MA,42.389952,-42.389952,Logos/Massachusetts.gif
McNeese St.,170,Health and Human Performance Education Complex,4200,Lake Charles,LA,30.174127,-93.207783,Logos/McNeese St..gif
Memphis,171,FedExForum,18119,Memphis,TN,35.139159,-90.048054,Logos/Memphis.gif
Mercer,172,Hawkins Arena,3500,Macon,GA,32.829786,-83.650709,Logos/Mercer.gif
Miami FL,173,Watsco Center,7972,Coral Gables,FL,25.715859,-80.277675,Logos/Miami FL.gif
Miami OH,174,Millett Hall,6400,Oxford,OH,39.518336,-84.734543,Logos/Miami OH.gif
Michigan,175,Crisler Center,12707,Ann Arbor,MI,42.266253,-83.745378,Logos/Michigan.gif
Michigan St.,176,Breslin Student Events Center,14797,East Lansing,MI,42.729057,-84.488893,Logos/Michigan St..gif
Middle Tennessee,177,Murphy Center,11520,Murfreesboro,TN,35.853157,-86.366322,Logos/Middle Tennessee.gif
Milwaukee,179,UW-Milwaukee Panther Arena,10783,Milwaukee,WI,43.042651,-87.915999,Logos/Milwaukee.gif
Minnesota,180,Williams Arena,14625,Minneapolis,MN,44.977545,-93.225022,Logos/Minnesota.gif
Mississippi,181,The Pavilion at Ole Miss,9500,Oxford,MS,34.363437,-89.534042,Logos/Mississippi.gif
Mississippi St.,182,Humphrey Coliseum,10575,Starkville,MS,33.462203,-88.790506,Logos/Mississippi St..gif
Mississippi Valley St.,183,Harrison HPER Complex,5000,Itta Bena,MS,33.513304,-90.339479,Logos/Mississippi Valley St..gif
Missouri,184,Mizzou Arena,15061,Columbia,MO,38.933222,-92.33159,Logos/Missouri.gif
Missouri St.,185,JQH Arena,11000,Springfield,MO,37.202464,-93.279989,Logos/Missouri St..gif
Monmouth,186,OceanFirst Bank Center,4100,West Long Branch,NJ,40.281233,-74.003533,Logos/Monmouth.gif
Montana,187,Dahlberg Arena,7321,Missoula,MT,46.864516,-113.982137,Logos/Montana.gif
Montana St.,188,Worthington Arena,7250,Bozeman,MT,45.663933,-111.048085,Logos/Montana St..gif
Morehead St.,189,Ellis Johnson Arena,6500,Morehead,KY,38.190957,-83.424533,Logos/Morehead St..gif
Morgan St.,190,Talmadge L. Hill Field House,4250,Baltimore,MD,39.342988,-76.583966,Logos/Morgan St..gif
Mount St. Mary's,192,PNC Sports Complex,3121,Emmitsburg,MD,39.680122,-77.343412,Logos/Mount St. Mary's.gif
Murray St.,193,CFSB Center,8602,Murray,KY,36.623421,-88.31833,Logos/Murray St..gif
N.C. State,194,PNC Arena,19557,Raleigh,NC,35.804338,-78.722059,Logos/N.C. State.gif
Navy,195,Alumni Hall,5710,Annapolis,MD,38.985016,-76.485547,Logos/Navy.gif
Nebraska,196,Pinnacle Bank Arena,15147,Lincoln,NE,40.818678,-96.710645,Logos/Nebraska.gif
Nebraska Omaha,197,Baxter Arena,7500,Omaha,NE,41.236992,-96.011017,Logos/Nebraska Omaha.gif
Nevada,198,Lawlor Events Center,11536,Reno,NV,39.54596,-119.816283,Logos/Nevada.gif
New Hampshire,199,Lundholm Gym,3500,Durham,NH,43.139439,-70.935501,Logos/New Hampshire.gif
New Mexico,200,"Dreamstyle Arena ""The Pit""",15411,Albuquerque,NM,35.067737,-106.629558,Logos/New Mexico.gif
New Mexico St.,201,Pan American Center,12482,Las Cruces,NM,32.283965,-106.738952,Logos/New Mexico St..gif
New Orleans,202,Lakefront Arena,8933,New Orleans,LA,30.031661,-90.04796,Logos/New Orleans.gif
Niagara,203,Gallagher Center,2400,Lewiston,NY,43.138316,-79.035741,Logos/Niagara.gif
Nicholls St.,204,Stopher Gymnasium,3800,Thibodaux,LA,29.793326,-90.799322,Logos/Nicholls St..gif
NJIT,205,Wellness and Events Center,3500,Newark,NJ,40.742999,-74.179155,Logos/NJIT.gif
Norfolk St.,206,Joseph G. Echols Memorial Hall,7000,Norfolk,VA,36.848862,-76.255579,Logos/Norfolk St..gif
North Alabama,207,Flowers Hall,3900,Florence,AL,34.809104,-87.682181,Logos/North Alabama.gif
North Carolina,208,Dean Smith Center,21750,Chapel Hill,NC,35.90004,-79.041513,Logos/North Carolina.gif
North Carolina A&T,209,Corbett Sports Center,5700,Greensboro,NC,36.077274,-79.767468,Logos/North Carolina A&T.gif
North Carolina Central,210,McDougald-McLendon Arena,3056,Durham,NC,35.977011,-78.895653,Logos/North Carolina Central.gif
North Dakota,211,Betty Engelstad Sioux Center,3300,Grand Forks,ND,47.928314,-97.071356,Logos/North Dakota.gif
North Dakota St.,212,Scheels Center,5700,Fargo,ND,46.904888,-96.795256,Logos/North Dakota St..gif
North Florida,213,UNF Arena,5800,Jacksonville,FL,30.274177,-81.504973,Logos/North Florida.gif
North Texas,214,UNT Coliseum,10032,Denton,TX,33.209348,-97.151574,Logos/North Texas.gif
Northeastern,215,Matthews Arena,6000,Boston,MA,42.342004,-71.08311,Logos/Northeastern.gif
Northern Arizona,216,Walkup Skydome,11230,Flagstaff,AZ,35.181266,-111.650836,Logos/Northern Arizona.gif
Northern Colorado,217,Bank of Colorado Arena,2992,Greeley,CO,40.403034,-104.700082,Logos/Northern Colorado.gif
Northern Illinois,218,Convocation Center,10000,DeKalb,IL,41.936215,-88.783292,Logos/Northern Illinois.gif
Northern Iowa,219,McLeod Center,6650,Cedar Falls,IA,42.514903,-92.464138,Logos/Northern Iowa.gif
Northern Kentucky,220,BB&T Arena,9400,Highland Heights,KY,39.032328,-84.457556,Logos/Northern Kentucky.gif
Northwestern,221,Welsh-Ryan Arena,7039,Evanston,IL,42.067706,-87.689506,Logos/Northwestern.gif
Northwestern St.,222,Prather Coliseum,3900,Natchitoches,LA,31.745267,-93.093321,Logos/Northwestern St..gif
Notre Dame,223,Edmund P. Joyce Center,9149,Notre Dame,IN,41.697893,-86.229725,Logos/Notre Dame.gif
Oakland,224,Athletics Center O'rena,4005,Rochester,MI,42.674217,-83.212358,Logos/Oakland.gif
Ohio,225,Convocation Center,13080,Athens,OH,39.323637,-82.102971,Logos/Ohio.gif
Ohio St.,226,Value City Arena,18809,Columbus,OH,40.00812,-83.02424,Logos/Ohio St..gif
Oklahoma,227,Lloyd Noble Center,11528,Norman,OK,35.188242,-97.440711,Logos/Oklahoma.gif
Oklahoma St.,228,Gallagher-Iba Arena,13611,Stillwater,OK,36.126458,-97.063413,Logos/Oklahoma St..gif
Old Dominion,229,Ted Constant Convocation Center,8472,Norfolk,VA,36.885029,-76.300777,Logos/Old Dominion.gif
Oral Roberts,230,Mabee Center,10554,Tulsa,OK,36.0487,-95.95374,Logos/Oral Roberts.gif
Oregon,231,Matthew Knight Arena,12369,Eugene,OR,44.045752,-123.065581,Logos/Oregon.gif
Oregon St.,232,Gill Coliseum,9604,Corvallis,OR,44.562005,-123.279926,Logos/Oregon St..gif
Pacific,233,Alex G. Spanos Center,6150,Stockton,CA,37.97778,-121.313633,Logos/Pacific.gif
Penn,234,Palestra,8722,Philadelphia,PA,39.952345,-75.187545,Logos/Penn.gif
Penn St.,235,Bryce Jordan Center,15261,State College,PA,40.80978,-77.854748,Logos/Penn St..gif
Pepperdine,236,Firestone Fieldhouse,3104,Malibu,CA,34.039515,-118.704545,Logos/Pepperdine.gif
Pittsburgh,237,Petersen Events Center,12508,Pittsburgh,PA,40.444448,-79.960653,Logos/Pittsburgh.gif
Portland,238,Chiles Center,4852,Portland,OR,45.575694,-122.727167,Logos/Portland.gif
Portland St.,239,Viking Pavilion,3094,Portland,OR,45.511508,-122.685501,Logos/Portland St..gif
Prairie View A&M,240,William J. Nicks Building,6500,Prairie View,TX,30.092772,-95.991511,Logos/Prairie View A&M.gif
Presbyterian,241,Templeton Physical Education Center,2300,Clinton,SC,34.465819,-81.867269,Logos/Presbyterian.gif
Princeton,242,Jadwin Gymnasium,6854,Princeton,NJ,40.344208,-74.648454,Logos/Princeton.gif
Providence,243,Dunkin' Donuts Center,12400,Providence,RI,41.824171,-71.415896,Logos/Providence.gif
Purdue,244,Mackey Arena,14848,West Lafayette,IN,40.434072,-86.913921,Logos/Purdue.gif
Purdue Fort Wayne,245,Hilliard Gates Sports Center,2300,Fort Wayne,IN,41.120312,-85.105503,Logos/Purdue Fort Wayne.gif
Quinnipiac,246,People's United Center,3570,Hamden,CT,41.415207,-72.910704,Logos/Quinnipiac.gif
Radford,247,Dedmon Center,3205,Radford,VA,37.139078,-80.54097,Logos/Radford.gif
Rhode Island,248,Ryan Center,7657,Kingston,RI,41.4902,-71.529085,Logos/Rhode Island.gif
Rice,249,Tudor Fieldhouse,5750,Houston,TX,29.716201,-95.402342,Logos/Rice.gif
Richmond,250,Robins Center,7201,Richmond,VA,37.581197,-77.538966,Logos/Richmond.gif
Rider,251,Alumni Gymnasium,1950,Lawrenceville,NJ,40.279472,-74.734475,Logos/Rider.gif
Robert Morris,252,UPMC Events Center,4000,Moon Township,PA,40.520388,-80.214561,Logos/Robert Morris.gif
Rutgers,253,Rutgers Athletic Center,8000,Piscataway,NJ,40.525511,-74.441214,Logos/Rutgers.gif
Sacramento St.,254,Hornets Nest,1012,Sacramento,CA,38.562216,-121.425778,Logos/Sacramento St..gif
Sacred Heart,255,William H. Pitt Center,2062,Fairfield,CT,41.219873,-73.243977,Logos/Sacred Heart.gif
Saint Joseph's,256,Hagan Arena,4200,Philadelphia,PA,39.995801,-75.234661,Logos/Saint Joseph's.gif
Saint Louis,257,Chaifetz Arena,10600,St. Louis,MO,38.632721,-90.227323,Logos/Saint Louis.gif
Saint Mary's,258,McKeon Pavilion,3500,Moraga,CA,37.841546,-122.105956,Logos/Saint Mary's.gif
Saint Peter's,259,Yanitelli Center,3200,Jersey City,NJ,40.727921,-74.07263,Logos/Saint Peter's.gif
Sam Houston St.,260,Bernard Johnson Coliseum,6100,Huntsville,TX,30.713202,-95.545895,Logos/Sam Houston St..gif
Samford,261,Pete Hanna Center,4974,Homewood,AL,33.464043,-86.796974,Logos/Samford.gif
San Diego,262,Jenny Craig Pavilion,5100,San Diego,CA,32.774618,-117.183201,Logos/San Diego.gif
San Diego St.,263,Viejas Arena,12414,San Diego,CA,32.77414,-117.074195,Logos/San Diego St..gif
San Francisco,264,War Memorial Gymnasium,5300,San Francisco,CA,37.777039,-122.449339,Logos/San Francisco.gif
San Jose St.,265,Provident Credit Union Event Center,5000,San Jose,CA,37.334838,-121.880065,Logos/San Jose St..gif
Santa Clara,266,Leavey Center,4500,Santa Clara,CA,37.34957,-121.935029,Logos/Santa Clara.gif
Savannah St.,267,Tiger Arena,5000,Savannah,GA,32.023945,-81.065498,Logos/Savannah St..gif
Seattle,268,Redhawk Center,999,Seattle,WA,47.606899,-122.313552,Logos/Seattle.gif
Seton Hall,269,Prudential Center,18711,Newark,NJ,40.733667,-74.170626,Logos/Seton Hall.gif
Siena,270,Times Union Center,15229,Albany,NY,42.648783,-73.754578,Logos/Siena.gif
SIU Edwardsville,271,Vadalabene Center,4000,Edwardsville,IL,38.795942,-89.999443,Logos/SIU Edwardsville.gif
SMU,272,Moody Coliseum,7000,University Park,TX,32.840639,-96.780279,Logos/SMU.gif
South Alabama,273,Mitchell Center,10041,Mobile,AL,30.692479,-88.179379,Logos/South Alabama.gif
South Carolina,274,Colonial Life Arena,18000,Columbia,SC,33.995107,-81.036954,Logos/South Carolina.gif
South Carolina St.,275,SHM Memorial Center,3200,Orangeburg,SC,33.501244,-80.846139,Logos/South Carolina St..gif
South Dakota,276,Sanford Coyote Sports Center,6000,Vermillion,SD,42.789917,-96.927337,Logos/South Dakota.gif
South Dakota St.,277,Frost Arena,6500,Brookings,SD,44.318534,-96.779105,Logos/South Dakota St..gif
South Florida,278,Yuengling Center,10411,Tampa,FL,28.059037,-82.40557,Logos/South Florida.gif
Southeast Missouri St.,279,Show Me Center,6972,Cape Girardeau,MO,37.320227,-89.526722,Logos/Southeast Missouri St..gif
Southeastern Louisiana,280,University Center,7500,Hammond,LA,30.520467,-90.472831,Logos/Southeastern Louisiana.gif
Southern,281,F. G. Clark Center,7500,Baton Rouge,LA,30.522231,-91.185073,Logos/Southern.gif
Southern Illinois,282,Banterra Center,8339,Carbondale,IL,37.708489,-89.218197,Logos/Southern Illinois.gif
Southern Miss,283,Reed Green Coliseum,8095,Hattiesburg,MS,31.331337,-89.337285,Logos/Southern Miss.gif
Southern Utah,284,America First Event Center,5300,Cedar City,UT,37.675795,-113.072592,Logos/Southern Utah.gif
St. Bonaventure,287,Reilly Center,5480,St. Bonaventure,NY,42.079823,-78.484438,Logos/St. Bonaventure.gif
St. Francis NY,288,Generoso Pope Athletic Complex,1200,Brooklyn,NY,40.693458,-73.991629,Logos/St. Francis NY.gif
St. Francis PA,289,DeGol Arena,3500,Loretto,PA,40.504694,-78.64046,Logos/St. Francis PA.gif
St. John's,290,Madison Square Garden,19812,New York,NY,40.750691,-73.993278,Logos/St. John's.gif
Stanford,291,Maples Pavilion,7329,Stanford,CA,37.429739,-122.160376,Logos/Stanford.gif
Stephen F. Austin,292,William R. Johnson Coliseum,7203,Nacogdoches,TX,31.6225,-94.640211,Logos/Stephen F. Austin.gif
Stetson,293,Edmunds Center,5000,DeLand,FL,29.039708,-81.301429,Logos/Stetson.gif
Stony Brook,294,Island Federal Credit Union Arena,4160,Stony Brook,NY,40.917552,-73.125449,Logos/Stony Brook.gif
Syracuse,295,Carrier Dome,35446,Syracuse,NY,43.036431,-76.135651,Logos/Syracuse.gif
TCU,296,Schollmaier Arena,8500,Fort Worth,TX,32.709022,-97.366382,Logos/TCU.gif
Temple,298,Liacouras Center,10205,Philadelphia,PA,39.980034,-75.158219,Logos/Temple.gif
Tennessee,299,Thompson-Boling Arena,21678,Knoxville,TN,35.951318,-83.924596,Logos/Tennessee.gif
Tennessee Martin,300,Tom and Kathleen Elam Center,5000,Martin,TN,36.34363,-88.866534,Logos/Tennessee Martin.gif
Tennessee St.,301,Gentry Complex,10500,Nashville,TN,36.169382,-86.828765,Logos/Tennessee St..gif
Tennessee Tech,302,Eblen Center,9282,Cookeville,TN,36.178593,-85.508924,Logos/Tennessee Tech.gif
Texas,303,Frank Erwin Center,16734,Austin,TX,30.27737,-97.732559,Logos/Texas.gif
Texas A&M,304,Reed Arena,12989,College Station,TX,30.606396,-96.345524,Logos/Texas A&M.gif
Texas A&M Corpus Chris,305,American Bank Center Arena,8000,Corpus Christi,TX,27.808797,-97.392914,Logos/Texas A&M Corpus Chris.gif
Texas Pan American,306,UTRGV Fieldhouse,2500,Edinburg,TX,26.306944,-98.169393,Logos/Texas Pan American.gif
Texas Southern,307,Health and Physical Education Arena,8100,Houston,TX,29.723159,-95.365099,Logos/Texas Southern.gif
Texas St.,308,Strahan Coliseum,7200,San Marcos,TX,29.888789,-97.931825,Logos/Texas St..gif
Texas Tech,309,United Supermarkets Arena,15020,Lubbock,TX,33.581557,-101.885973,Logos/Texas Tech.gif
The Citadel,310,McAlister Field House,6000,Charleston,SC,32.79873,-79.961967,Logos/The Citadel.gif
Toledo,311,Savage Arena,7300,Toledo,OH,41.660372,-83.609119,Logos/Toledo.gif
Towson,312,SECU Arena,5200,Towson,MD,39.387563,-76.616979,Logos/Towson.gif
Troy,313,Trojan Arena,5200,Troy,AL,31.802473,-85.951927,Logos/Troy.gif
Tulane,315,Devlin Fieldhouse,3600,New Orleans,LA,29.939218,-90.120187,Logos/Tulane.gif
Tulsa,316,Reynolds Center,8355,Tulsa,OK,36.148999,-95.94188,Logos/Tulsa.gif
UAB,317,Bartow Arena,8508,Birmingham,AL,33.5025,-86.808861,Logos/UAB.gif
UC Davis,318,The Pavilion at ARC,7600,Davis,CA,38.542,-121.759349,Logos/UC Davis.gif
UC Irvine,319,Bren Events Center,4984,Irvine,CA,33.649716,-117.84667,Logos/UC Irvine.gif
UC Riverside,320,Student Recreation Center Arena,3168,Riverside,CA,33.649211,-117.841901,Logos/UC Riverside.gif
UC Santa Barbara,321,UC Santa Barbara Events Center,5600,Santa Barbara,CA,34.413907,-119.85096,Logos/UC Santa Barbara.gif
UCF,322,Addition Financial Arena,9465,Orlando,FL,28.607479,-81.196873,Logos/UCF.gif
UCLA,323,Pauley Pavilion,13800,Los Angeles,CA,34.0706,-118.446747,Logos/UCLA.gif
UMass Lowell,324,Tsongas Center at UMass Lowell,6496,Lowell,MA,42.650387,-71.312436,Logos/UMass Lowell.gif
UMBC,325,UMBC Event Center,5000,Catonsville,MD,39.25255,-76.706723,Logos/UMBC.gif
UMKC,326,Swinney Recreation Center,1500,Kansas City,MO,39.035338,-94.578305,Logos/UMKC.gif
UNC Asheville,327,Kimmel Arena,3200,Asheville,NC,35.61828,-82.568401,Logos/UNC Asheville.gif
UNC Greensboro,328,Greensboro Coliseum,7613,Greensboro,NC,36.058934,-79.825605,Logos/UNC Greensboro.gif
UNC Wilmington,329,Trask Coliseum,5200,Wilmington,NC,34.225204,-77.877678,Logos/UNC Wilmington.gif
UNLV,330,Thomas & Mack Center,18776,Paradise,NV,36.105282,-115.143775,Logos/UNLV.gif
USC,331,Galen Center,10258,Los Angeles,CA,34.021268,-118.279752,Logos/USC.gif
USC Upstate,332,G. B. Hodge Center,878,Spartanburg,SC,34.995935,-81.968303,Logos/USC Upstate.gif
UT Arlington,333,College Park Center,7000,Arlington,TX,32.730622,-97.107411,Logos/UT Arlington.gif
UT Rio Grande Valley,334,UTRGV Fieldhouse,5649,Edinburg,TX,26.306915,-98.169361,Logos/UT Rio Grande Valley.gif
Utah,335,Jon M. Huntsman Center,15000,Salt Lake City,UT,40.76228,-111.838406,Logos/Utah.gif
Utah St.,336,Smith Spectrum,10270,Logan,UT,41.747721,-111.811335,Logos/Utah St..gif
Utah Valley,337,UCCU Center,8500,Orem,UT,40.27887,-111.716641,Logos/Utah Valley.gif
UTEP,339,Don Haskins Center,12222,El Paso,TX,31.777961,-106.5055,Logos/UTEP.gif
UTSA,340,Convocation Center,4080,San Antonio,TX,29.582578,-98.621035,Logos/UTSA.gif
Valparaiso,341,Athletics-Recreation Center,5000,Valparaiso,IN,41.464392,-87.048097,Logos/Valparaiso.gif
Vanderbilt,342,Memorial Gymnasium,14316,Nashville,TN,36.144762,-86.806594,Logos/Vanderbilt.gif
VCU,343,Siegel Center,7617,Richmond,VA,37.552822,-77.452291,Logos/VCU.gif
Vermont,344,Patrick Gym,3228,Burlington,VT,44.470789,-73.194301,Logos/Vermont.gif
Villanova,345,Finneran Pavilion,6500,Villanova,PA,40.034713,-75.33602,Logos/Villanova.gif
Virginia,346,John Paul Jones Arena,14593,Charlottesville,VA,38.046172,-78.506039,Logos/Virginia.gif
Virginia Tech,347,Cassell Coliseum,10052,Blacksburg,VA,37.222835,-80.418581,Logos/Virginia Tech.gif
VMI,348,Cameron Hall,5800,Lexington,VA,37.788795,-79.436476,Logos/VMI.gif
Wagner,349,Spiro Sports Center,2100,Staten Island,NY,40.615097,-74.095268,Logos/Wagner.gif
Wake Forest,350,Lawrence Joel Veterans Memorial Coliseum,14665,Winston-Salem,NC,36.12795,-80.257021,Logos/Wake Forest.gif
Washington,351,Alaska Airlines Arena at Hec Edmundson Pavilion,10000,Seattle,WA,47.652174,-122.301598,Logos/Washington.gif
Washington St.,352,Beasley Coliseum,11671,Pullman,WA,46.735323,-117.157581,Logos/Washington St..gif
Weber St.,353,Dee Events Center,11500,Ogden,UT,41.182527,-111.944602,Logos/Weber St..gif
West Virginia,354,WVU Coliseum,14000,Morgantown,WV,39.649477,-79.980683,Logos/West Virginia.gif
Western Carolina,355,Ramsey Center,7826,Cullowhee,NC,35.303437,-83.182028,Logos/Western Carolina.gif
Western Illinois,356,Western Hall,5139,Macomb,IL,40.471558,-90.684588,Logos/Western Illinois.gif
Western Kentucky,357,E. A. Diddle Arena,7326,Bowling Green,KY,36.986479,-86.456853,Logos/Western Kentucky.gif
Western Michigan,358,University Arena,5421,Kalamazoo,MI,42.283509,-85.608462,Logos/Western Michigan.gif
Wichita St.,359,Charles Koch Arena,10506,Wichita,KS,37.721858,-97.296707,Logos/Wichita St..gif
William & Mary,360,Kaplan Arena,11300,Williamsburg,VA,37.27376,-76.719313,Logos/William & Mary.gif
Winston Salem St.,361,LJVM Coliseum Annex,4000,Winston-Salem,NC,36.128209,-80.253306,Logos/Winston Salem St..gif
Winthrop,362,Winthrop Coliseum,6100,Rock Hill,SC,34.948288,-81.014274,Logos/Winthrop.gif
Wisconsin,363,Kohl Center,17249,Madison,WI,43.069717,-89.396463,Logos/Wisconsin.gif
Wofford,364,Jerry Richardson Indoor Stadium,3400,Spartanburg,SC,34.963522,-81.93276,Logos/Wofford.gif
Wright St.,365,Nutter Center,10400,Fairborn,OH,39.782277,-84.05167,Logos/Wright St..gif
Wyoming,366,Arena-Auditorium,15028,Laramie,WY,41.313446,-105.568951,Logos/Wyoming.gif
Xavier,367,Cintas Center,10250,Cincinnati,OH,39.150605,-84.471499,Logos/Xavier.gif
Yale,368,Payne Whitney Gymnasium,2532,New Haven,CT,41.314226,-72.930117,Logos/Yale.gif
Youngstown St.,369,Beeghly Center,6500,Youngstown,OH,41.108384,-80.64846,Logos/Youngstown St..gif